Product Name,Product Link
"ASCA_SMR_02_M01_20200408192700Z_20200408210858Z_N_O_20200408201831Z (2020-04-08T19:27:00Z
               - 2020-04-08T21:08:58Z)",../../../../../../collections/EO%3AEUM%3ADAT%3AMETOP%3ASOMO12/products/ASCA_SMR_02_M01_20200408192700Z_20200408210858Z_N_O_20200408201831Z?format=html
"ASCA_SMR_02_M01_20200408174800Z_20200408192658Z_N_O_20200408183804Z (2020-04-08T17:48:00Z
               - 2020-04-08T19:26:58Z)",../../../../../../collections/EO%3AEUM%3ADAT%3AMETOP%3ASOMO12/products/ASCA_SMR_02_M01_20200408174800Z_20200408192658Z_N_O_20200408183804Z?format=html
"ASCA_SMR_02_M01_20200408160600Z_20200408174758Z_N_O_20200408165912Z (2020-04-08T16:06:00Z
               - 2020-04-08T17:47:58Z)",../../../../../../collections/EO%3AEUM%3ADAT%3AMETOP%3ASOMO12/products/ASCA_SMR_02_M01_20200408160600Z_20200408174758Z_N_O_20200408165912Z?format=html
"ASCA_SMR_02_M01_20200408142700Z_20200408160558Z_N_O_20200408151854Z (2020-04-08T14:27:00Z
               - 2020-04-08T16:05:58Z)",../../../../../../collections/EO%3AEUM%3ADAT%3AMETOP%3ASOMO12/products/ASCA_SMR_02_M01_20200408142700Z_20200408160558Z_N_O_20200408151854Z?format=html
"ASCA_SMR_02_M01_20200408023600Z_20200408042058Z_N_O_20200408032642Z (2020-04-08T02:36:00Z
               - 2020-04-08T04:20:58Z)",../../../../../../collections/EO%3AEUM%3ADAT%3AMETOP%3ASOMO12/products/ASCA_SMR_02_M01_20200408023600Z_20200408042058Z_N_O_20200408032642Z?format=html
"ASCA_SMR_02_M03_20200408014800Z_20200408032958Z_N_O_20200408033041Z (2020-04-08T01:48:00Z
               - 2020-04-08T03:29:58Z)",../../../../../../collections/EO%3AEUM%3ADAT%3AMETOP%3ASOMO12/products/ASCA_SMR_02_M03_20200408014800Z_20200408032958Z_N_O_20200408033041Z?format=html
"ASCA_SMR_02_M01_20200408005400Z_20200408023558Z_N_O_20200408014418Z (2020-04-08T00:54:00Z
               - 2020-04-08T02:35:58Z)",../../../../../../collections/EO%3AEUM%3ADAT%3AMETOP%3ASOMO12/products/ASCA_SMR_02_M01_20200408005400Z_20200408023558Z_N_O_20200408014418Z?format=html
Total Products,7
